Workbook

Sheet Requirements
A1: Req ID | B1: Tipo | C1: Prioridad | D1: Requisito / Historia de Usuario | E1: Estado | F1: Owner | G1: Notas
A2: FR-001 | B2: Funcional | C2: P0 | D2: El usuario puede registrarse mediante formulario con validaciones (email único). | E2: Approved | F2: Product
A3: FR-002 | B3: Funcional | C3: P1 | D3: El usuario puede iniciar sesión con email y contraseña; sesión segura. | E3: Approved | F3: Product
A4: FR-003 | B4: Funcional | C4: P1 | D4: El usuario puede subir imágenes con descripción; se muestran en feed y perfil. | E4: Approved | F4: Product
A5: FR-004 | B5: Funcional | C5: P1 | D5: El usuario puede comentar publicaciones y ver persistencia al recargar. | E5: Approved | F5: Product
A6: FR-005 | B6: Funcional | C6: P2 | D6: El usuario puede reaccionar (like/unlike) de forma idempotente. | E6: Approved | F6: Product
A7: FR-006 | B7: Funcional | C7: P1 | D7: El usuario puede enviar/recibir mensajes privados y ver historial. | E7: Approved | F7: Product
A8: FR-007 | B8: Funcional | C8: P2 | D8: El usuario puede editar su perfil (bio, foto, username) con validaciones. | E8: Approved | F8: Product
A9: NFT-001 | B9: No funcional | C9: P1 | D9: Performance: carga inicial < 3s y feed < 2s en condiciones estándar. | E9: Approved | F9: Arquitectura
A10: NFT-003 | B10: No funcional | C10: P1 | D10: Compatibilidad: Chrome/Firefox/Edge/Safari (últimas 2 versiones). | E10: In Review | F10: QA

Sheet Test Cases
A1: TC ID | B1: Título | C1: Tipo | D1: Prioridad | E1: Req IDs | F1: Precondiciones | G1: Pasos (resumen) | H1: Resultado esperado | I1: Estatus | J1: Fecha ejecución | K1: Tester | L1: Evidencia (URL/Ruta) | M1: Defectos (IDs) | N1: Comentarios
A2: TC-001 | B2: Registro exitoso con datos válidos | C2: Funcional | D2: P1 | E2: FR-001 | F2: Usuario no autenticado | G2: Completar formulario válido y enviar | H2: Cuenta creada y redirección a login o sesión activa | I2: PASS | K2: QA
A3: TC-002 | B3: Login fallido por contraseña incorrecta | C3: Funcional | D3: P1 | E3: FR-002 | F3: Usuario registrado | G3: Ingresar email válido + password incorrecta | H3: Mensaje genérico de credenciales inválidas; sin sesión | I3: PASS | K3: QA
A4: TC-003 | B4: Crear post subiendo imagen + descripción | C4: Funcional | D4: P1 | E4: FR-003 | F4: Usuario autenticado | G4: Seleccionar imagen, escribir descripción, publicar | H4: Post visible en feed y perfil; imagen correcta | I4: PASS | K4: QA
A5: TC-004 | B5: Comentar y reaccionar a un post | C5: Funcional | D5: P1 | E5: FR-004, FR-005 | F5: Usuario autenticado; post visible | G5: Dar like y publicar comentario | H5: Like y comentario persisten tras recargar | I5: PASS | K5: QA
A6: TC-005 | B6: Enviar DM y verificar recepción | C6: Funcional | D6: P1 | E6: FR-006 | F6: 2 usuarios existentes; no bloqueados | G6: Enviar mensaje y verificar en receptor | H6: Mensaje llega y queda en historial | I6: FAIL | K6: QA | M6: BUG-101
A7: TC-006 | B7: Performance carga inicial < 3s | C7: No funcional | D7: P1 | E7: NFT-001 | F7: Ambiente estable | G7: carga inicial | H7: Cumple SLA < 3s | I7: PASS | K7: QA
A8: TC-007 | B8: Compatibilidad Edge - UI sin quiebres | C8: No funcional | D8: P2 | E8: NFT-003 | F8: Edge última versión | G8: Navegar registro/login/feed/perfil | H8: Sin desbordes ni fallos de UI críticos | I8: BLOCKED | K8: QA | N8: Pendiente ejecución en Safari/Edge lab

Sheet Defects
A1: Bug ID | B1: Resumen | C1: Severidad | D1: Prioridad | E1: Estado | F1: Req IDs | G1: TC ID | H1: Ambiente | I1: Fecha | J1: Assignee | K1: Evidencia | L1: Notas
A2: BUG-001 | B2: Permite registrar usuario con email ya registrado | C2: Alta | D2: P1 | E2: Open | F2: FR-001 | G2: TC-002 | H2: QA | I2: 2026-02-15 | J2: Dev Team

Sheet Traceability
A1: Req ID | B1: Tipo | C1: Prioridad | D1: Requisito | E1: #TCs | F1: #PASS | G1: #FAIL | H1: #BLOCKED | I1: #Open Defects | J1: Cobertura % | K1: Estado QA | L1: Notas
A2: FR-001 | B2: Funcional | C2: P1 | D2: El usuario puede registrarse mediante formulario con validaciones (email único). | E2: =COUNTIF('Test Cases'!$E$2:$E$195,"*"&A2&"*") -> 1 | F2: =COUNTIFS('Test Cases'!$E$2:$E$195,"*"&A2&"*",'Test Cases'!$I$2:$I$195,"PASS") -> 1 | G2: =COUNTIFS('Test Cases'!$E$2:$E$195,"*"&A2&"*",'Test Cases'!$I$2:$I$195,"FAIL") -> 0 | H2: =COUNTIFS('Test Cases'!$E$2:$E$195,"*"&A2&"*",'Test Cases'!$I$2:$I$195,"BLOCKED") -> 0 | I2: =COUNTIFS(Defects!$F$2:$F$197,"*"&A2&"*",Defects!$E$2:$E$197,"Open")+COUNTIFS(Defects!$F$2:$F$197,"*"&A2&"*",Defects!$E$2:$E$197,"In Progress") -> 1 | J2: =IF(E2=0,0,(F2+G2+H2)/E2) -> 1 | K2: =IF(E2=0,"No Coverage",IF(I2>0,"Bug",IF(G2>0,"Failing",IF(F2=E2,"Pass","In Progress")))) -> Bug
A3: FR-002 | B3: Funcional | C3: P1 | D3: El usuario puede iniciar sesión con email y contraseña; sesión segura. | E3: =COUNTIF('Test Cases'!$E$2:$E$195,"*"&A3&"*") -> 1 | F3: =COUNTIFS('Test Cases'!$E$2:$E$195,"*"&A3&"*",'Test Cases'!$I$2:$I$195,"PASS") -> 1 | G3: =COUNTIFS('Test Cases'!$E$2:$E$195,"*"&A3&"*",'Test Cases'!$I$2:$I$195,"FAIL") -> 0 | H3: =COUNTIFS('Test Cases'!$E$2:$E$195,"*"&A3&"*",'Test Cases'!$I$2:$I$195,"BLOCKED") -> 0 | I3: =COUNTIFS(Defects!$F$2:$F$197,"*"&A3&"*",Defects!$E$2:$E$197,"Open")+COUNTIFS(Defects!$F$2:$F$197,"*"&A3&"*",Defects!$E$2:$E$197,"In Progress") -> 0 | J3: =IF(E3=0,0,(F3+G3+H3)/E3) -> 1 | K3: =IF(E3=0,"No Coverage",IF(I3>0,"At Risk",IF(G3>0,"Failing",IF(F3=E3,"Pass","In Progress")))) -> Pass
A4: FR-003 | B4: Funcional | C4: P1 | D4: El usuario puede subir imágenes con descripción; se muestran en feed y perfil. | E4: =COUNTIF('Test Cases'!$E$2:$E$195,"*"&A4&"*") -> 1 | F4: =COUNTIFS('Test Cases'!$E$2:$E$195,"*"&A4&"*",'Test Cases'!$I$2:$I$195,"PASS") -> 1 | G4: =COUNTIFS('Test Cases'!$E$2:$E$195,"*"&A4&"*",'Test Cases'!$I$2:$I$195,"FAIL") -> 0 | H4: =COUNTIFS('Test Cases'!$E$2:$E$195,"*"&A4&"*",'Test Cases'!$I$2:$I$195,"BLOCKED") -> 0 | I4: =COUNTIFS(Defects!$F$2:$F$197,"*"&A4&"*",Defects!$E$2:$E$197,"Open")+COUNTIFS(Defects!$F$2:$F$197,"*"&A4&"*",Defects!$E$2:$E$197,"In Progress") -> 0 | J4: =IF(E4=0,0,(F4+G4+H4)/E4) -> 1 | K4: =IF(E4=0,"No Coverage",IF(I4>0,"At Risk",IF(G4>0,"Failing",IF(F4=E4,"Pass","In Progress")))) -> Pass
A5: FR-004 | B5: Funcional | C5: P1 | D5: El usuario puede comentar publicaciones y ver persistencia al recargar. | E5: =COUNTIF('Test Cases'!$E$2:$E$195,"*"&A5&"*") -> 1 | F5: =COUNTIFS('Test Cases'!$E$2:$E$195,"*"&A5&"*",'Test Cases'!$I$2:$I$195,"PASS") -> 1 | G5: =COUNTIFS('Test Cases'!$E$2:$E$195,"*"&A5&"*",'Test Cases'!$I$2:$I$195,"FAIL") -> 0 | H5: =COUNTIFS('Test Cases'!$E$2:$E$195,"*"&A5&"*",'Test Cases'!$I$2:$I$195,"BLOCKED") -> 0 | I5: =COUNTIFS(Defects!$F$2:$F$197,"*"&A5&"*",Defects!$E$2:$E$197,"Open")+COUNTIFS(Defects!$F$2:$F$197,"*"&A5&"*",Defects!$E$2:$E$197,"In Progress") -> 0 | J5: =IF(E5=0,0,(F5+G5+H5)/E5) -> 1 | K5: =IF(E5=0,"No Coverage",IF(I5>0,"At Risk",IF(G5>0,"Failing",IF(F5=E5,"Pass","In Progress")))) -> Pass
A6: FR-005 | B6: Funcional | C6: P2 | D6: El usuario puede reaccionar (like/unlike) | E6: =COUNTIF('Test Cases'!$E$2:$E$195,"*"&A6&"*") -> 1 | F6: =COUNTIFS('Test Cases'!$E$2:$E$195,"*"&A6&"*",'Test Cases'!$I$2:$I$195,"PASS") -> 1 | G6: =COUNTIFS('Test Cases'!$E$2:$E$195,"*"&A6&"*",'Test Cases'!$I$2:$I$195,"FAIL") -> 0 | H6: =COUNTIFS('Test Cases'!$E$2:$E$195,"*"&A6&"*",'Test Cases'!$I$2:$I$195,"BLOCKED") -> 0 | I6: =COUNTIFS(Defects!$F$2:$F$197,"*"&A6&"*",Defects!$E$2:$E$197,"Open")+COUNTIFS(Defects!$F$2:$F$197,"*"&A6&"*",Defects!$E$2:$E$197,"In Progress") -> 0 | J6: =IF(E6=0,0,(F6+G6+H6)/E6) -> 1 | K6: =IF(E6=0,"No Coverage",IF(I6>0,"At Risk",IF(G6>0,"Failing",IF(F6=E6,"Pass","In Progress")))) -> Pass
A7: FR-006 | B7: Funcional | C7: P1 | D7: El usuario puede enviar/recibir mensajes privados y ver historial. | E7: =COUNTIF('Test Cases'!$E$2:$E$195,"*"&A7&"*") -> 1 | F7: =COUNTIFS('Test Cases'!$E$2:$E$195,"*"&A7&"*",'Test Cases'!$I$2:$I$195,"PASS") -> 0 | G7: =COUNTIFS('Test Cases'!$E$2:$E$195,"*"&A7&"*",'Test Cases'!$I$2:$I$195,"FAIL") -> 1 | H7: =COUNTIFS('Test Cases'!$E$2:$E$195,"*"&A7&"*",'Test Cases'!$I$2:$I$195,"BLOCKED") -> 0 | I7: =COUNTIFS(Defects!$F$2:$F$197,"*"&A7&"*",Defects!$E$2:$E$197,"Open")+COUNTIFS(Defects!$F$2:$F$197,"*"&A7&"*",Defects!$E$2:$E$197,"In Progress") -> 0 | J7: =IF(E7=0,0,(F7+G7+H7)/E7) -> 1 | K7: =IF(E7=0,"No Coverage",IF(I7>0,"At Risk",IF(G7>0,"Failing",IF(F7=E7,"Pass","In Progress")))) -> Failing
A8: FR-007 | B8: Funcional | C8: P2 | D8: El usuario puede editar su perfil (bio, foto, username) con validaciones. | E8: =COUNTIF('Test Cases'!$E$2:$E$195,"*"&A8&"*") -> 0 | F8: =COUNTIFS('Test Cases'!$E$2:$E$195,"*"&A8&"*",'Test Cases'!$I$2:$I$195,"PASS") -> 0 | G8: =COUNTIFS('Test Cases'!$E$2:$E$195,"*"&A8&"*",'Test Cases'!$I$2:$I$195,"FAIL") -> 0 | H8: =COUNTIFS('Test Cases'!$E$2:$E$195,"*"&A8&"*",'Test Cases'!$I$2:$I$195,"BLOCKED") -> 0 | I8: =COUNTIFS(Defects!$F$2:$F$197,"*"&A8&"*",Defects!$E$2:$E$197,"Open")+COUNTIFS(Defects!$F$2:$F$197,"*"&A8&"*",Defects!$E$2:$E$197,"In Progress") -> 0 | J8: =IF(E8=0,0,(F8+G8+H8)/E8) -> 0 | K8: =IF(E8=0,"No Coverage",IF(I8>0,"At Risk",IF(G8>0,"Failing",IF(F8=E8,"Pass","In Progress")))) -> No Coverage
A9: NFT-001 | B9: No funcional | C9: P1 | D9: Performance: carga inicial < 3s y feed < 2s en condiciones estándar. | E9: =COUNTIF('Test Cases'!$E$2:$E$195,"*"&A9&"*") -> 1 | F9: =COUNTIFS('Test Cases'!$E$2:$E$195,"*"&A9&"*",'Test Cases'!$I$2:$I$195,"PASS") -> 1 | G9: =COUNTIFS('Test Cases'!$E$2:$E$195,"*"&A9&"*",'Test Cases'!$I$2:$I$195,"FAIL") -> 0 | H9: =COUNTIFS('Test Cases'!$E$2:$E$195,"*"&A9&"*",'Test Cases'!$I$2:$I$195,"BLOCKED") -> 0 | I9: =COUNTIFS(Defects!$F$2:$F$197,"*"&A9&"*",Defects!$E$2:$E$197,"Open")+COUNTIFS(Defects!$F$2:$F$197,"*"&A9&"*",Defects!$E$2:$E$197,"In Progress") -> 0 | J9: =IF(E9=0,0,(F9+G9+H9)/E9) -> 1 | K9: =IF(E9=0,"No Coverage",IF(I9>0,"At Risk",IF(G9>0,"Failing",IF(F9=E9,"Pass","In Progress")))) -> Pass
A10: NFT-003 | B10: No funcional | C10: P2 | D10: Compatibilidad: Chrome/Firefox/Edge/Safari (últimas 2 versiones). | E10: =COUNTIF('Test Cases'!$E$2:$E$195,"*"&A10&"*") -> 1 | F10: =COUNTIFS('Test Cases'!$E$2:$E$195,"*"&A10&"*",'Test Cases'!$I$2:$I$195,"PASS") -> 0 | G10: =COUNTIFS('Test Cases'!$E$2:$E$195,"*"&A10&"*",'Test Cases'!$I$2:$I$195,"FAIL") -> 0 | H10: =COUNTIFS('Test Cases'!$E$2:$E$195,"*"&A10&"*",'Test Cases'!$I$2:$I$195,"BLOCKED") -> 1 | I10: =COUNTIFS(Defects!$F$2:$F$197,"*"&A10&"*",Defects!$E$2:$E$197,"Open")+COUNTIFS(Defects!$F$2:$F$197,"*"&A10&"*",Defects!$E$2:$E$197,"In Progress") -> 0 | J10: =IF(E10=0,0,(F10+G10+H10)/E10) -> 1 | K10: =IF(E10=0,"No Coverage",IF(I10>0,"At Risk",IF(G10>0,"Failing",IF(F10=E10,"Pass","In Progress")))) -> In Progress

Sheet Summary
A1: KPI | B1: Valor
A2: Total Requirements | B2: =COUNTA(Requirements!A2:A199) -> 9
A3: Requirements con cobertura | B3: =COUNTIF(Traceability!E2:E199,">0") -> 8
A4: Cobertura Requirements | B4: =IF(B2=0,0,B3/B2) -> 0.88888889
A5: Total Test Cases | B5: =COUNTA('Test Cases'!A2:A195) -> 7
A6: Executed (PASS+FAIL+BLOCKED) | B6: =COUNTIF('Test Cases'!I2:I195,"PASS")+COUNTIF('Test Cases'!I2:I195,"FAIL")+COUNTIF('Test Cases'!I2:I195,"BLOCKED") -> 7
A7: Pass % | B7: =IF(B6=0,0,COUNTIF('Test Cases'!I2:I195,"PASS")/B6) -> 0.71428571
A8: Total Defects | B8: =COUNTA(Defects!A2:A197) -> 1
A9: Open Defects | B9: =COUNTIF(Defects!E2:E197,"Open")+COUNTIF(Defects!E2:E197,"In Progress") -> 1
